Primer-Name,label,primer
LCO-F1,ACCGAGGATGTA,GGTCAACAAATCATAAAGATATTGG
LCO-F2,ACGCTCATGTGT,GGTCAACAAATCATAAAGATATTGG
LCO-F3,ACGGTATAGCAT,GGTCAACAAATCATAAAGATATTGG
LCO-F4,ACGTTAGGTGCC,GGTCAACAAATCATAAAGATATTGG
LCO-F5,CAGGCCAGTCTA,GGTCAACAAATCATAAAGATATTGG
LCO-F6,CATCCTGCCTTG,GGTCAACAAATCATAAAGATATTGG
LCO-F7,CATGCAGTTAGT,GGTCAACAAATCATAAAGATATTGG
LCO-F8,CCAGTGCTCTAG,GGTCAACAAATCATAAAGATATTGG
LCO-F9,CCTATAGGAGTT,GGTCAACAAATCATAAAGATATTGG
LCO-F10,CGCTGTACGTCA,GGTCAACAAATCATAAAGATATTGG
HCO-R1,AACTCGTGTCTG,TAAACTTCAGGGTGACCAAAAAATCA
HCO-R2,ACAATTCGGCGA,TAAACTTCAGGGTGACCAAAAAATCA
HCO-R3,ACCGAGGATGTA,TAAACTTCAGGGTGACCAAAAAATCA
HCO-R4,ACGCTCATGTGT,TAAACTTCAGGGTGACCAAAAAATCA
HCO-R5,ACGGTATAGCAT,TAAACTTCAGGGTGACCAAAAAATCA
HCO-R6,ACGTTAGGTGCC,TAAACTTCAGGGTGACCAAAAAATCA
HCO-R7,CAGGCCAGTCTA,TAAACTTCAGGGTGACCAAAAAATCA
HCO-R8,CATCCTGCCTTG,TAAACTTCAGGGTGACCAAAAAATCA
HCO-R9,CATGCAGTTAGT,TAAACTTCAGGGTGACCAAAAAATCA
HCO-R10,CCAGTGCTCTAG,TAAACTTCAGGGTGACCAAAAAATCA
Lep-F1,AGCAATCGCGCAC,ATTCAACCAATCATAAAGATATTGG
Lep-F2,AGTGGACCAACAA,ATTCAACCAATCATAAAGATATTGG
Lep-F3,ATAATATTCGGCA,ATTCAACCAATCATAAAGATATTGG
Lep-F4,ATGCTAGACATCG,ATTCAACCAATCATAAAGATATTGG
Lep-F5,ATGTTAAATGGAG,ATTCAACCAATCATAAAGATATTGG
Lep-F6,CAATCGATGGGCC,ATTCAACCAATCATAAAGATATTGG
Lep-F7,CAGGAACAACGCC,ATTCAACCAATCATAAAGATATTGG
Lep-F8,CCGAGATTGGCCG,ATTCAACCAATCATAAAGATATTGG
Lep-F9,CCTCCAACCGCTG,ATTCAACCAATCATAAAGATATTGG
Lep-F10,CTTGAGGTGAAGA,ATTCAACCAATCATAAAGATATTGG
Lep-R1,GCCCTATAACACA,TAAACTTCTGGATGTCCAAAAAATCA
Lep-R2,GCGCTCTCCTACG,TAAACTTCTGGATGTCCAAAAAATCA
Lep-R3,GCTTTGCTTGGCG,TAAACTTCTGGATGTCCAAAAAATCA
Lep-R4,GGCCTATTAAGTT,TAAACTTCTGGATGTCCAAAAAATCA
Lep-R5,GTATTCGCCTGGT,TAAACTTCTGGATGTCCAAAAAATCA
Lep-R6,TAATAGGCTTCTG,TAAACTTCTGGATGTCCAAAAAATCA
Lep-R7,TATCGCAAGAACA,TAAACTTCTGGATGTCCAAAAAATCA
Lep-R8,TCCAGAGAAGAGA,TAAACTTCTGGATGTCCAAAAAATCA
Lep-R9,TCTTCCTCCTCAA,TAAACTTCTGGATGTCCAAAAAATCA
Lep-R10,TGCTAATACCAAT,TAAACTTCTGGATGTCCAAAAAATCA
Deg-COI_F1,TGGTCTCATGCGT,GGTCAACAAATCATAAAGATATTGG
Deg-COI_F2,CTTAAGAAGGTGC,GGTCAACAAATCATAAAGATATTGG
Deg-COI_F3,TTAGGTGAATTTG,GGTCAACAAATCATAAAGATATTGG
Deg-COI_F4,TTCATAACAGAAG,GGTCAACAAATCATAAAGATATTGG
Deg-COI_F5,TTCATCGGTCTTA,GGTCAACAAATCATAAAGATATTGG
Deg-COI_F6,AATAGAACTGCCT,GGTCAACAAATCATAAAGATATTGG
Deg-COI_F7,AATGGCCGGTTCA,GGTCAACAAATCATAAAGATATTGG
Deg-COI_F8,ACATTGTTATAGC,GGTCAACAAATCATAAAGATATTGG
Deg-COI_F9,ACCGGATCTGCGA,GGTCAACAAATCATAAAGATATTGG
Deg-COI_F10,ACTCCCAACCAAC,GGTCAACAAATCATAAAGATATTGG
Deg-COI_R1,ACTTAACGTTAGC,TAAACTTCWGGGTGWCCAAAAAATCA
Deg-COI_R2,AGCCACCGAAGCG,TAAACTTCWGGGTGWCCAAAAAATCA
Deg-COI_R3,AGGCCGTCCTTGT,TAAACTTCWGGGTGWCCAAAAAATCA
Deg-COI_R4,AGTAACTTGTTCC,TAAACTTCWGGGTGWCCAAAAAATCA
Deg-COI_R5,CAAGACTCTACAC,TAAACTTCWGGGTGWCCAAAAAATCA
Deg-COI_R6,CAAGTCCACTATG,TAAACTTCWGGGTGWCCAAAAAATCA
Deg-COI_R7,CCGTTGGAGAACT,TAAACTTCWGGGTGWCCAAAAAATCA
Deg-COI_R8,CCTACAAGAATAC,TAAACTTCWGGGTGWCCAAAAAATCA
Deg-COI_R9,GACTTCTGTGGAC,TAAACTTCWGGGTGWCCAAAAAATCA
Deg-COI_R10,CTCCAATTCCTTC,TAAACTTCWGGGTGWCCAAAAAATCA
Kaartinen_pF2-F1,GCAAGCCTGATTC,ACCWGTAATRATAGGDGGDTTTGGDAA
Kaartinen_pF2-F2,GCCATCCACAAGA,ACCWGTAATRATAGGDGGDTTTGGDAA
Kaartinen_pF2-F3,GCTCTTAATGATG,ACCWGTAATRATAGGDGGDTTTGGDAA
Kaartinen_2437d-R1,GCTGAGTGACCGT,GCTARTCATCTAAAWAYTTTAATWCCWG
Kaartinen_2437d-R2,GGACATTATAACA,GCTARTCATCTAAAWAYTTTAATWCCWG
Kaartinen_2437d-R3,GGCGCGAGATATA,GCTARTCATCTAAAWAYTTTAATWCCWG
Labeled_F-573_F1,GAGTGTGGTCAAG,CGCGGTAATTCCAGCTCCA
Labeled_F-573_F2,GGATACCTCCTCT,CGCGGTAATTCCAGCTCCA
Labeled_F-573_F3,GGCCACACGTTAA,CGCGGTAATTCCAGCTCCA
Labeled_F-573_F4,GGTGTATCCTCCA,CGCGGTAATTCCAGCTCCA
Labeled_F-573_F5,GGTTCCATGTAAG,CGCGGTAATTCCAGCTCCA
Labeled_F-573_F6,GTTCTCCGGCCTG,CGCGGTAATTCCAGCTCCA
Labeled_F-573_F7,GTTGCTGCCAGAA,CGCGGTAATTCCAGCTCCA
Labeled_F-573_F8,GTTGGTTGTGTTC,CGCGGTAATTCCAGCTCCA
Labeled_R-1631a_R1,AAGCGGAGCCAAT,TACAAAGGGCAGGGACG
Labeled_R-1631a_R2,AGGCCACATCCAG,TACAAAGGGCAGGGACG
Labeled_R-1631a_R3,CAGGGTATGAATA,TACAAAGGGCAGGGACG
Labeled_R-1631a_R4,CCAACTATCAGCT,TACAAAGGGCAGGGACG
Labeled_R-1631a_R5,CCGCACCATGACC,TACAAAGGGCAGGGACG
Labeled_R-1631a_R6,CCGGCGGAATGAG,TACAAAGGGCAGGGACG
Labeled_R-1631a_R7,CGTGTTACACCTT,TACAAAGGGCAGGGACG
Labeled_R-1631a_R8,GCCATGCTATTAT,TACAAAGGGCAGGGACG
